num_jobs,instance_id,solver,solver_key,total_profit,profit_ratio,completion_rate,utilization,makespan,num_scheduled
20,0,Greedy-by-Profit,greedy_profit,94.22,0.1213237187741437,0.05,1.0,10,1
20,0,Earliest Deadline First,edf,175.31,0.22574040690188,0.35,1.0,8,7
20,0,Shortest Job First,sjf,214.31,0.275959309812001,0.35,1.0,17,7
20,0,Profit Density,profit_density,214.03,0.2755987638423899,0.3,1.0,8,6
20,0,RL Agent (DQN),rl_agent,76.14,0.09804275045068246,0.1,1.0,13,2
20,1,Greedy-by-Profit,greedy_profit,173.23000000000002,0.21273486430062627,0.1,1.0,18,2
20,1,Earliest Deadline First,edf,108.00999999999999,0.1326415326046911,0.25,1.0,8,5
20,1,Shortest Job First,sjf,171.42000000000002,0.21051209627901263,0.3,1.0,10,6
20,1,Profit Density,profit_density,147.12,0.18067051455237623,0.25,1.0,8,5
20,1,RL Agent (DQN),rl_agent,125.93,0.15464816406729703,0.1,1.0,8,2
20,2,Greedy-by-Profit,greedy_profit,164.39,0.22063402587641595,0.1,1.0,13,2
20,2,Earliest Deadline First,edf,96.71000000000001,0.1297981424813443,0.3,1.0,8,6
20,2,Shortest Job First,sjf,190.51,0.2556906640897622,0.35,1.0,9,7
20,2,Profit Density,profit_density,217.06,0.29132442153862675,0.3,1.0,11,6
20,2,RL Agent (DQN),rl_agent,203.23000000000002,0.2727626563590487,0.3,1.0,12,6
20,3,Greedy-by-Profit,greedy_profit,162.32,0.20865094157722217,0.1,1.0,10,2
20,3,Earliest Deadline First,edf,117.64999999999999,0.15123079889453048,0.25,1.0,8,5
20,3,Shortest Job First,sjf,179.9,0.23124879490969857,0.3,1.0,9,6
20,3,Profit Density,profit_density,170.79999999999998,0.21955138505045307,0.25,1.0,8,5
20,3,RL Agent (DQN),rl_agent,170.79999999999998,0.21955138505045307,0.25,1.0,8,5
20,4,Greedy-by-Profit,greedy_profit,79.23,0.09395790097835754,0.05,1.0,9,1
20,4,Earliest Deadline First,edf,159.79000000000002,0.18949303290839017,0.25,1.0,9,5
20,4,Shortest Job First,sjf,128.91,0.15287281351912244,0.25,1.0,8,5
20,4,Profit Density,profit_density,195.69,0.23206640972428105,0.2,1.0,10,4
20,4,RL Agent (DQN),rl_agent,110.22,0.1307085680403202,0.1,1.0,12,2
20,5,Greedy-by-Profit,greedy_profit,159.76,0.20730821135679434,0.1,1.0,11,2
20,5,Earliest Deadline First,edf,140.57999999999998,0.18241980691373402,0.35,1.0,9,7
20,5,Shortest Job First,sjf,181.74,0.23582995951417005,0.35,1.0,11,7
20,5,Profit Density,profit_density,176.10000000000002,0.22851136717533482,0.2,1.0,9,4
20,5,RL Agent (DQN),rl_agent,176.10000000000002,0.22851136717533482,0.2,1.0,9,4
20,6,Greedy-by-Profit,greedy_profit,85.88,0.14651789674821714,0.05,1.0,8,1
20,6,Earliest Deadline First,edf,153.2,0.2613710035145187,0.3,1.0,14,6
20,6,Shortest Job First,sjf,179.88,0.3068891391135224,0.4,1.0,14,8
20,6,Profit Density,profit_density,195.20999999999998,0.3330433002354386,0.35,1.0,14,7
20,6,RL Agent (DQN),rl_agent,143.87,0.24545330467123896,0.3,1.0,14,6
20,7,Greedy-by-Profit,greedy_profit,130.03,0.17974592554706184,0.1,1.0,10,2
20,7,Earliest Deadline First,edf,137.62,0.19023790105196225,0.35,1.0,8,7
20,7,Shortest Job First,sjf,124.0,0.17141040350561923,0.35,1.0,8,7
20,7,Profit Density,profit_density,186.77,0.2581800085705202,0.3,1.0,10,6
20,7,RL Agent (DQN),rl_agent,186.77,0.2581800085705202,0.3,1.0,10,6
20,8,Greedy-by-Profit,greedy_profit,172.68,0.17444891196734894,0.1,1.0,17,2
20,8,Earliest Deadline First,edf,283.4,0.28630311357161614,0.4,1.0,17,8
20,8,Shortest Job First,sjf,179.1,0.18093467763118015,0.25,1.0,8,5
20,8,Profit Density,profit_density,262.13,0.2648152263956519,0.35,1.0,11,7
20,8,RL Agent (DQN),rl_agent,172.68,0.17444891196734894,0.1,1.0,17,2
20,9,Greedy-by-Profit,greedy_profit,81.93,0.12860641069914924,0.05,1.0,10,1
20,9,Earliest Deadline First,edf,119.08,0.186921169120648,0.25,1.0,9,5
20,9,Shortest Job First,sjf,84.49,0.1326248704988541,0.25,1.0,8,5
20,9,Profit Density,profit_density,155.6,0.24424700970081312,0.2,1.0,8,4
20,9,RL Agent (DQN),rl_agent,155.6,0.24424700970081312,0.2,1.0,8,4
20,10,Greedy-by-Profit,greedy_profit,98.96,0.13862467956350594,0.05,1.0,8,1
20,10,Earliest Deadline First,edf,168.07,0.23543502318349277,0.4,1.0,8,8
20,10,Shortest Job First,sjf,171.84,0.24071609676831918,0.35,1.0,8,7
20,10,Profit Density,profit_density,187.92000000000002,0.2632412063821144,0.35,1.0,8,7
20,10,RL Agent (DQN),rl_agent,99.07,0.13877876924369983,0.2,1.0,8,4
20,11,Greedy-by-Profit,greedy_profit,160.89,0.22470042736236412,0.1,1.0,13,2
20,11,Earliest Deadline First,edf,173.4,0.24217200636853717,0.3,1.0,9,6
20,11,Shortest Job First,sjf,142.35000000000002,0.1988072958855898,0.3,1.0,9,6
20,11,Profit Density,profit_density,231.75000000000003,0.3236641434596799,0.3,1.0,14,6
20,11,RL Agent (DQN),rl_agent,213.78,0.2985670791318678,0.25,1.0,13,5
20,12,Greedy-by-Profit,greedy_profit,169.8,0.21999948174444822,0.1,1.0,17,2
20,12,Earliest Deadline First,edf,87.96000000000001,0.1139643958435905,0.25,1.0,8,5
20,12,Shortest Job First,sjf,119.63000000000001,0.154997279158353,0.3,1.0,8,6
20,12,Profit Density,profit_density,146.36999999999998,0.18964266279702519,0.25,1.0,8,5
20,12,RL Agent (DQN),rl_agent,103.76,0.13443549014018816,0.2,1.0,8,4
20,13,Greedy-by-Profit,greedy_profit,86.01,0.11065510498147386,0.05,1.0,9,1
20,13,Earliest Deadline First,edf,87.92,0.11311239193083573,0.25,1.0,10,5
20,13,Shortest Job First,sjf,89.08,0.11460477562783039,0.25,1.0,10,5
20,13,Profit Density,profit_density,187.79000000000002,0.24159890901605602,0.15,1.0,14,3
20,13,RL Agent (DQN),rl_agent,187.79000000000002,0.24159890901605602,0.15,1.0,14,3
20,14,Greedy-by-Profit,greedy_profit,98.43,0.09890275516971124,0.05,1.0,10,1
20,14,Earliest Deadline First,edf,121.34,0.12192279094069654,0.25,1.0,8,5
20,14,Shortest Job First,sjf,136.38,0.13703502743112075,0.3,1.0,8,6
20,14,Profit Density,profit_density,150.65,0.15137356564377727,0.25,1.0,8,5
20,14,RL Agent (DQN),rl_agent,96.72,0.09718454211129199,0.05,1.0,8,1
20,15,Greedy-by-Profit,greedy_profit,94.38,0.111917467093561,0.05,1.0,11,1
20,15,Earliest Deadline First,edf,150.59,0.17857227558401517,0.25,1.0,9,5
20,15,Shortest Job First,sjf,150.79,0.17880943910826513,0.3,1.0,8,6
20,15,Profit Density,profit_density,187.31,0.22211549863630972,0.25,1.0,8,5
20,15,RL Agent (DQN),rl_agent,224.06,0.2656942962172418,0.25,1.0,17,5
20,16,Greedy-by-Profit,greedy_profit,85.79,0.10815274258411811,0.05,1.0,11,1
20,16,Earliest Deadline First,edf,200.8,0.25314221600292475,0.4,1.0,8,8
20,16,Shortest Job First,sjf,218.21,0.2750904529581584,0.4,1.0,11,8
20,16,Profit Density,profit_density,206.11,0.2598363652408507,0.35,1.0,11,7
20,16,RL Agent (DQN),rl_agent,105.22,0.13264752972025767,0.1,1.0,13,2
20,17,Greedy-by-Profit,greedy_profit,92.29,0.10497997997998,0.05,1.0,8,1
20,17,Earliest Deadline First,edf,146.49,0.16663254163254165,0.3,1.0,8,6
20,17,Shortest Job First,sjf,170.05,0.19343206843206848,0.35,1.0,10,7
20,17,Profit Density,profit_density,185.7,0.21123396123396124,0.3,1.0,10,6
20,17,RL Agent (DQN),rl_agent,185.7,0.21123396123396124,0.3,1.0,10,6
20,18,Greedy-by-Profit,greedy_profit,90.71,0.10730466670609806,0.05,1.0,8,1
20,18,Earliest Deadline First,edf,176.41,0.20868279410894894,0.35,1.0,14,7
20,18,Shortest Job First,sjf,169.73999999999998,0.2007925711243863,0.35,1.0,14,7
20,18,Profit Density,profit_density,200.26999999999998,0.2369077896729165,0.25,1.0,14,5
20,18,RL Agent (DQN),rl_agent,110.38999999999999,0.13058496480747617,0.15,1.0,10,3
20,19,Greedy-by-Profit,greedy_profit,165.39,0.18519679749174175,0.1,1.0,10,2
20,19,Earliest Deadline First,edf,112.03,0.12544650355523207,0.25,1.0,8,5
20,19,Shortest Job First,sjf,249.60999999999999,0.2795028273892839,0.35,1.0,9,7
20,19,Profit Density,profit_density,249.60999999999999,0.2795028273892839,0.35,1.0,9,7
20,19,RL Agent (DQN),rl_agent,261.21,0.29249202172330774,0.35,1.0,10,7
20,20,Greedy-by-Profit,greedy_profit,150.74,0.20845779400376147,0.1,1.0,10,2
20,20,Earliest Deadline First,edf,233.07,0.322311649518752,0.35,1.0,11,7
20,20,Shortest Job First,sjf,194.44,0.2688903639783161,0.35,1.0,11,7
20,20,Profit Density,profit_density,251.02999999999997,0.3471484677508573,0.3,1.0,11,6
20,20,RL Agent (DQN),rl_agent,230.01,0.3180799867241951,0.25,1.0,10,5
20,21,Greedy-by-Profit,greedy_profit,138.27,0.16473069087529935,0.1,1.0,8,2
20,21,Earliest Deadline First,edf,147.82000000000002,0.17610827167995047,0.3,1.0,9,6
20,21,Shortest Job First,sjf,167.41,0.19944720445095726,0.3,1.0,9,6
20,21,Profit Density,profit_density,163.13,0.19434814205892514,0.2,1.0,8,4
20,21,RL Agent (DQN),rl_agent,176.93,0.21078904416407546,0.2,1.0,12,4
20,22,Greedy-by-Profit,greedy_profit,81.33,0.12103579135352335,0.05,1.0,11,1
20,22,Earliest Deadline First,edf,149.2,0.22204033038172488,0.35,1.0,8,7
20,22,Shortest Job First,sjf,145.52,0.2165637324205671,0.4,1.0,9,8
20,22,Profit Density,profit_density,210.69,0.31355011533596255,0.25,1.0,11,5
20,22,RL Agent (DQN),rl_agent,112.84,0.16792916139593725,0.1,1.0,12,2
20,23,Greedy-by-Profit,greedy_profit,98.18,0.11433162926647492,0.05,1.0,8,1
20,23,Earliest Deadline First,edf,119.41999999999999,0.1390658297718724,0.3,1.0,8,6
20,23,Shortest Job First,sjf,222.60000000000002,0.2592200109463976,0.3,1.0,15,6
20,23,Profit Density,profit_density,154.47,0.17988191864730474,0.25,1.0,8,5
20,23,RL Agent (DQN),rl_agent,75.13,0.0874896649703632,0.1,1.0,8,2
20,24,Greedy-by-Profit,greedy_profit,136.93,0.1685624246005367,0.1,1.0,11,2
20,24,Earliest Deadline First,edf,148.48999999999998,0.1827929192210158,0.3,1.0,8,6
20,24,Shortest Job First,sjf,141.10000000000002,0.1736957431617303,0.3,1.0,11,6
20,24,Profit Density,profit_density,172.88,0.21281729325159413,0.25,1.0,9,5
20,24,RL Agent (DQN),rl_agent,110.14999999999999,0.13559593273752366,0.2,1.0,8,4
20,25,Greedy-by-Profit,greedy_profit,94.73,0.12880899609752117,0.05,1.0,11,1
20,25,Earliest Deadline First,edf,124.66,0.16950627524033557,0.3,1.0,8,6
20,25,Shortest Job First,sjf,135.14,0.18375644180955356,0.3,1.0,8,6
20,25,Profit Density,profit_density,178.19,0.24229362413825922,0.25,1.0,12,5
20,25,RL Agent (DQN),rl_agent,79.09,0.1075425261411691,0.1,1.0,8,2
20,26,Greedy-by-Profit,greedy_profit,69.4,0.10745196401752675,0.05,1.0,9,1
20,26,Earliest Deadline First,edf,174.11999999999995,0.2695898555436852,0.3,1.0,8,6
20,26,Shortest Job First,sjf,122.74,0.1900382429900754,0.35,1.0,8,7
20,26,Profit Density,profit_density,175.54999999999998,0.2718039233901559,0.25,1.0,8,5
20,26,RL Agent (DQN),rl_agent,178.73,0.27672751482496477,0.3,1.0,9,6
20,27,Greedy-by-Profit,greedy_profit,173.57999999999998,0.2224101479915433,0.1,1.0,10,2
20,27,Earliest Deadline First,edf,124.67999999999999,0.1597539880837978,0.3,1.0,9,6
20,27,Shortest Job First,sjf,121.81,0.15607662246140047,0.3,1.0,8,6
20,27,Profit Density,profit_density,211.12,0.27051060285732587,0.2,1.0,10,4
20,27,RL Agent (DQN),rl_agent,211.12,0.27051060285732587,0.2,1.0,10,4
20,28,Greedy-by-Profit,greedy_profit,93.91,0.11191086218196981,0.05,1.0,10,1
20,28,Earliest Deadline First,edf,104.06,0.1240064350831198,0.35,1.0,9,7
20,28,Shortest Job First,sjf,130.8,0.15587201334683903,0.35,1.0,9,7
20,28,Profit Density,profit_density,200.42,0.23883691831019477,0.25,1.0,12,5
20,28,RL Agent (DQN),rl_agent,122.33,0.14577846630518973,0.1,1.0,8,2
20,29,Greedy-by-Profit,greedy_profit,165.35,0.16381343002635282,0.1,1.0,14,2
20,29,Earliest Deadline First,edf,127.41,0.12622600011888488,0.3,1.0,8,6
20,29,Shortest Job First,sjf,140.73999999999998,0.1394321266520042,0.3,1.0,8,6
20,29,Profit Density,profit_density,219.14999999999998,0.21711347559888247,0.2,1.0,16,4
20,29,RL Agent (DQN),rl_agent,155.57,0.15412431393528703,0.15,1.0,16,3
50,0,Greedy-by-Profit,greedy_profit,165.89999999999998,0.08797607305354926,0.04,1.0,20,2
50,0,Earliest Deadline First,edf,245.43,0.13015049794775527,0.2,1.0,12,10
50,0,Shortest Job First,sjf,220.93,0.1171582508723366,0.2,1.0,12,10
50,0,Profit Density,profit_density,313.51,0.16625303594344926,0.18,1.0,12,9
50,0,RL Agent (DQN),rl_agent,205.12,0.10877427429019908,0.12,1.0,15,6
50,1,Greedy-by-Profit,greedy_profit,197.93,0.09773693540661584,0.04,1.0,14,2
50,1,Earliest Deadline First,edf,227.04000000000002,0.1121113212485124,0.2,1.0,12,10
50,1,Shortest Job First,sjf,240.57999999999998,0.11879731177751546,0.22,1.0,13,11
50,1,Profit Density,profit_density,405.71,0.2003377560946704,0.18,1.0,19,9
50,1,RL Agent (DQN),rl_agent,302.1,0.1491756084794556,0.1,1.0,19,5
50,2,Greedy-by-Profit,greedy_profit,188.55,0.08890764544451464,0.04,1.0,12,2
50,2,Earliest Deadline First,edf,227.89,0.10745777417316595,0.2,1.0,13,10
50,2,Shortest Job First,sjf,203.36999999999998,0.09589577223044785,0.22,1.0,12,11
50,2,Profit Density,profit_density,286.78999999999996,0.13523109857879795,0.18,1.0,13,9
50,2,RL Agent (DQN),rl_agent,226.26999999999998,0.10669388986863074,0.1,1.0,14,5
50,3,Greedy-by-Profit,greedy_profit,163.57999999999998,0.08196663810511652,0.04,1.0,16,2
50,3,Earliest Deadline First,edf,234.51999999999998,0.11751324103442919,0.2,1.0,12,10
50,3,Shortest Job First,sjf,257.53,0.12904308785432606,0.22,1.0,12,11
50,3,Profit Density,profit_density,328.59000000000003,0.16464982036288203,0.22,1.0,13,11
50,3,RL Agent (DQN),rl_agent,177.22,0.08880136694576812,0.06,1.0,15,3
50,4,Greedy-by-Profit,greedy_profit,195.16,0.09765079682770005,0.04,1.0,13,2
50,4,Earliest Deadline First,edf,216.08,0.10811838582972652,0.22,1.0,13,11
50,4,Shortest Job First,sjf,226.42000000000002,0.11329213679917938,0.22,1.0,13,11
50,4,Profit Density,profit_density,317.46,0.1588451627429886,0.16,1.0,13,8
50,4,RL Agent (DQN),rl_agent,270.76,0.13547822171074023,0.14,1.0,15,7
50,5,Greedy-by-Profit,greedy_profit,181.42000000000002,0.09000615189220297,0.04,1.0,14,2
50,5,Earliest Deadline First,edf,192.23000000000002,0.09536921275624616,0.2,1.0,12,10
50,5,Shortest Job First,sjf,212.89000000000001,0.10561905895894108,0.22,1.0,12,11
50,5,Profit Density,profit_density,332.36,0.16489055585322776,0.16,1.0,14,8
50,5,RL Agent (DQN),rl_agent,287.16,0.14246591653271418,0.16,1.0,13,8
50,6,Greedy-by-Profit,greedy_profit,166.96,0.07428533291806635,0.04,1.0,18,2
50,6,Earliest Deadline First,edf,279.67,0.12443327178483239,0.22,1.0,12,11
50,6,Shortest Job First,sjf,269.31,0.11982380814664859,0.2,1.0,12,10
50,6,Profit Density,profit_density,290.72,0.1293497363796134,0.2,1.0,12,10
50,6,RL Agent (DQN),rl_agent,266.01,0.11835554270205335,0.14,1.0,15,7
50,7,Greedy-by-Profit,greedy_profit,176.39,0.08658197775443487,0.04,1.0,13,2
50,7,Earliest Deadline First,edf,198.19,0.09728262470180536,0.22,1.0,12,11
50,7,Shortest Job First,sjf,217.01000000000005,0.1065205226627922,0.22,1.0,12,11
50,7,Profit Density,profit_density,364.58000000000004,0.17895604881065746,0.2,1.0,15,10
50,7,RL Agent (DQN),rl_agent,152.48000000000002,0.07484562598784643,0.06,1.0,12,3
50,8,Greedy-by-Profit,greedy_profit,191.88,0.09584080476706608,0.04,1.0,13,2
50,8,Earliest Deadline First,edf,236.62,0.11818767575559296,0.22,1.0,12,11
50,8,Shortest Job First,sjf,277.48999999999995,0.13860154739844258,0.22,1.0,12,11
50,8,Profit Density,profit_density,286.48,0.14309189988362045,0.2,1.0,12,10
50,8,RL Agent (DQN),rl_agent,243.49,0.12161912420644633,0.1,1.0,17,5
50,9,Greedy-by-Profit,greedy_profit,164.25,0.08675374612447115,0.04,1.0,18,2
50,9,Earliest Deadline First,edf,178.04,0.09403736353120756,0.2,1.0,12,10
50,9,Shortest Job First,sjf,178.93,0.09450744471264307,0.2,1.0,12,10
50,9,Profit Density,profit_density,296.6,0.15665851507164777,0.18,1.0,13,9
50,9,RL Agent (DQN),rl_agent,266.9,0.14097153632037351,0.14,1.0,14,7
50,10,Greedy-by-Profit,greedy_profit,192.39,0.09227603672048115,0.04,1.0,12,2
50,10,Earliest Deadline First,edf,209.46,0.1004633226855449,0.18,1.0,13,9
50,10,Shortest Job First,sjf,221.67,0.10631960631960631,0.16,1.0,12,8
50,10,Profit Density,profit_density,320.46999999999997,0.1537070611144685,0.16,1.0,14,8
50,10,RL Agent (DQN),rl_agent,279.03000000000003,0.13383118938674496,0.1,1.0,16,5
50,11,Greedy-by-Profit,greedy_profit,178.48000000000002,0.09699367432558746,0.04,1.0,14,2
50,11,Earliest Deadline First,edf,180.0,0.09781970741038627,0.2,1.0,12,10
50,11,Shortest Job First,sjf,225.98,0.1228072082255505,0.22,1.0,13,11
50,11,Profit Density,profit_density,321.82,0.17489076799339173,0.18,1.0,15,9
50,11,RL Agent (DQN),rl_agent,252.41,0.13717040193030888,0.12,1.0,15,6
50,12,Greedy-by-Profit,greedy_profit,153.68,0.08392631872122679,0.04,1.0,13,2
50,12,Earliest Deadline First,edf,232.04,0.12671956660641243,0.2,1.0,12,10
50,12,Shortest Job First,sjf,253.66000000000003,0.13852648364670997,0.24,1.0,13,12
50,12,Profit Density,profit_density,294.44,0.16079688498358935,0.2,1.0,12,10
50,12,RL Agent (DQN),rl_agent,203.51,0.1111390234445397,0.1,1.0,12,5
50,13,Greedy-by-Profit,greedy_profit,191.95999999999998,0.10660061974521584,0.04,1.0,14,2
50,13,Earliest Deadline First,edf,214.93,0.11935648677765807,0.18,1.0,13,9
50,13,Shortest Job First,sjf,292.69000000000005,0.162538734075991,0.2,1.0,13,10
50,13,Profit Density,profit_density,325.54999999999995,0.18078678765396444,0.18,1.0,13,9
50,13,RL Agent (DQN),rl_agent,300.08,0.16664260248564478,0.16,1.0,12,8
50,14,Greedy-by-Profit,greedy_profit,194.78,0.08992280986851826,0.04,1.0,17,2
50,14,Earliest Deadline First,edf,246.84,0.11395700989806473,0.22,1.0,13,11
50,14,Shortest Job First,sjf,233.32,0.10771531984044913,0.22,1.0,15,11
50,14,Profit Density,profit_density,297.48,0.13733564780617524,0.22,1.0,13,11
50,14,RL Agent (DQN),rl_agent,217.05,0.10020405525188361,0.12,1.0,13,6
50,15,Greedy-by-Profit,greedy_profit,157.54,0.06998045486851458,0.04,1.0,15,2
50,15,Earliest Deadline First,edf,257.61,0.11443230277185502,0.18,1.0,12,9
50,15,Shortest Job First,sjf,268.84,0.11942075337597725,0.22,1.0,13,11
50,15,Profit Density,profit_density,329.82000000000005,0.14650852878464823,0.22,1.0,16,11
50,15,RL Agent (DQN),rl_agent,214.1,0.0951048329779673,0.1,1.0,14,5
50,16,Greedy-by-Profit,greedy_profit,184.95,0.08533856269465913,0.04,1.0,19,2
50,16,Earliest Deadline First,edf,278.29999999999995,0.12841158149728918,0.2,1.0,12,10
50,16,Shortest Job First,sjf,278.84,0.12866074518398893,0.2,1.0,16,10
50,16,Profit Density,profit_density,319.53999999999996,0.14744030453339485,0.16,1.0,15,8
50,16,RL Agent (DQN),rl_agent,266.35999999999996,0.12290229553581726,0.1,1.0,16,5
50,17,Greedy-by-Profit,greedy_profit,191.02,0.07910549746350551,0.04,1.0,15,2
50,17,Earliest Deadline First,edf,182.45999999999998,0.07556061704110152,0.18,1.0,12,9
50,17,Shortest Job First,sjf,211.24999999999997,0.0874831763122476,0.18,1.0,14,9
50,17,Profit Density,profit_density,300.44,0.12441867688166472,0.14,1.0,17,7
50,17,RL Agent (DQN),rl_agent,173.76,0.07195775960244329,0.04,1.0,14,2
50,18,Greedy-by-Profit,greedy_profit,182.08999999999997,0.0915416132518915,0.04,1.0,16,2
50,18,Earliest Deadline First,edf,231.99000000000004,0.11662770530125936,0.22,1.0,12,11
50,18,Shortest Job First,sjf,251.43,0.12640072392730564,0.22,1.0,13,11
50,18,Profit Density,profit_density,355.97,0.17895583540708346,0.2,1.0,15,10
50,18,RL Agent (DQN),rl_agent,217.38,0.10928285951285725,0.12,1.0,13,6
50,19,Greedy-by-Profit,greedy_profit,273.94,0.13330543362952435,0.06,1.0,19,3
50,19,Earliest Deadline First,edf,178.01999999999995,0.0866285803268158,0.2,1.0,12,10
50,19,Shortest Job First,sjf,223.29999999999995,0.10866285803268154,0.2,1.0,12,10
50,19,Profit Density,profit_density,313.24,0.15242970734508363,0.12,1.0,13,6
50,19,RL Agent (DQN),rl_agent,169.82,0.08263827385181362,0.08,1.0,12,4
50,20,Greedy-by-Profit,greedy_profit,190.57999999999998,0.0857352365614133,0.04,1.0,15,2
50,20,Earliest Deadline First,edf,191.82000000000002,0.08629306893278571,0.18,1.0,12,9
50,20,Shortest Job First,sjf,186.64000000000001,0.08396276918785905,0.18,1.0,12,9
50,20,Profit Density,profit_density,279.91,0.12592166054100745,0.16,1.0,12,8
50,20,RL Agent (DQN),rl_agent,224.2,0.10085969166265538,0.12,1.0,12,6
50,21,Greedy-by-Profit,greedy_profit,184.26999999999998,0.08662031748717874,0.04,1.0,14,2
50,21,Earliest Deadline First,edf,200.82,0.09440002256349507,0.2,1.0,12,10
50,21,Shortest Job First,sjf,237.39,0.1115905853816756,0.22,1.0,14,11
50,21,Profit Density,profit_density,273.1,0.12837688557957627,0.14,1.0,11,7
50,21,RL Agent (DQN),rl_agent,215.17,0.10114556744839773,0.1,1.0,12,5
50,22,Greedy-by-Profit,greedy_profit,173.95999999999998,0.09315875438455563,0.04,1.0,17,2
50,22,Earliest Deadline First,edf,195.04999999999998,0.10445283423032638,0.22,1.0,12,11
50,22,Shortest Job First,sjf,218.39000000000001,0.11695183013361181,0.22,1.0,13,11
50,22,Profit Density,profit_density,344.56000000000006,0.1845181674565561,0.18,1.0,16,9
50,22,RL Agent (DQN),rl_agent,230.90000000000003,0.12365116341339331,0.12,1.0,13,6
50,23,Greedy-by-Profit,greedy_profit,190.33,0.08554003523532162,0.04,1.0,19,2
50,23,Earliest Deadline First,edf,281.31,0.12642918778988244,0.2,1.0,12,10
50,23,Shortest Job First,sjf,278.23,0.12504494301226046,0.2,1.0,13,10
50,23,Profit Density,profit_density,347.90999999999997,0.15636123395534463,0.18,1.0,14,9
50,23,RL Agent (DQN),rl_agent,321.27,0.14438841548915973,0.18,1.0,15,9
50,24,Greedy-by-Profit,greedy_profit,161.98000000000002,0.06900753212228623,0.04,1.0,16,2
50,24,Earliest Deadline First,edf,253.29999999999998,0.1079121366006612,0.2,1.0,12,10
50,24,Shortest Job First,sjf,253.26000000000002,0.10789509560001365,0.2,1.0,12,10
50,24,Profit Density,profit_density,303.25,0.12919208615929928,0.18,1.0,13,9
50,24,RL Agent (DQN),rl_agent,182.98000000000002,0.0779540574622542,0.04,1.0,15,2
50,25,Greedy-by-Profit,greedy_profit,187.48,0.10028188903093291,0.04,1.0,19,2
50,25,Earliest Deadline First,edf,253.37000000000003,0.13552604130449902,0.2,1.0,14,10
50,25,Shortest Job First,sjf,267.64,0.1431589757853578,0.22,1.0,14,11
50,25,Profit Density,profit_density,278.43,0.14893047985322516,0.16,1.0,13,8
50,25,RL Agent (DQN),rl_agent,126.22999999999999,0.06751964397468882,0.04,1.0,12,2
50,26,Greedy-by-Profit,greedy_profit,247.13000000000002,0.1157300739908214,0.06,1.0,16,3
50,26,Earliest Deadline First,edf,272.53,0.12762480097405637,0.2,1.0,16,10
50,26,Shortest Job First,sjf,294.15999999999997,0.137754050763323,0.22,1.0,16,11
50,26,Profit Density,profit_density,312.51,0.14634728856420343,0.18,1.0,12,9
50,26,RL Agent (DQN),rl_agent,290.18,0.13589023133839093,0.14,1.0,15,7
50,27,Greedy-by-Profit,greedy_profit,149.59,0.07133217935329433,0.04,1.0,15,2
50,27,Earliest Deadline First,edf,254.38,0.12130142244729603,0.22,1.0,12,11
50,27,Shortest Job First,sjf,239.62000000000003,0.11426309791186838,0.22,1.0,12,11
50,27,Profit Density,profit_density,315.90000000000003,0.15063731170336042,0.2,1.0,13,10
50,27,RL Agent (DQN),rl_agent,179.51,0.08559956892646478,0.12,1.0,12,6
50,28,Greedy-by-Profit,greedy_profit,194.23000000000002,0.11167393029219322,0.04,1.0,16,2
50,28,Earliest Deadline First,edf,220.37,0.12670331060336001,0.22,1.0,12,11
50,28,Shortest Job First,sjf,160.84000000000003,0.09247611052976552,0.2,1.0,12,10
50,28,Profit Density,profit_density,309.24,0.17779975391833305,0.18,1.0,15,9
50,28,RL Agent (DQN),rl_agent,170.24,0.09788070788726239,0.06,1.0,14,3
50,29,Greedy-by-Profit,greedy_profit,185.95,0.09339293337686147,0.04,1.0,13,2
50,29,Earliest Deadline First,edf,212.89000000000001,0.10692348258456597,0.18,1.0,12,9
50,29,Shortest Job First,sjf,242.85999999999996,0.12197584189246881,0.22,1.0,12,11
50,29,Profit Density,profit_density,352.0,0.17679114035308008,0.2,1.0,16,10
50,29,RL Agent (DQN),rl_agent,220.41000000000003,0.11070038421938178,0.1,1.0,12,5
100,0,Greedy-by-Profit,greedy_profit,296.51,0.07507817742160101,0.04,1.0,28,4
100,0,Earliest Deadline First,edf,510.32000000000005,0.1292162001341993,0.22,1.0,25,22
100,0,Shortest Job First,sjf,468.99,0.11875118690417409,0.21,1.0,28,21
100,0,Profit Density,profit_density,648.29,0.16415106283312442,0.19,1.0,28,19
100,0,RL Agent (DQN),rl_agent,612.52,0.15509387620747717,0.17,1.0,29,17
100,1,Greedy-by-Profit,greedy_profit,370.79999999999995,0.08812624774218084,0.04,1.0,28,4
100,1,Earliest Deadline First,edf,482.31000000000006,0.11462829166270563,0.2,1.0,25,20
100,1,Shortest Job First,sjf,424.90999999999997,0.10098631048578766,0.21,1.0,25,21
100,1,Profit Density,profit_density,659.45,0.15672830116931274,0.19,1.0,29,19
100,1,RL Agent (DQN),rl_agent,566.97,0.13474902557277313,0.14,1.0,29,14
100,2,Greedy-by-Profit,greedy_profit,322.96,0.08411314749751926,0.04,1.0,27,4
100,2,Earliest Deadline First,edf,434.53,0.11317093752197499,0.2,1.0,25,20
100,2,Shortest Job First,sjf,578.1499999999999,0.15057597295544572,0.24,1.0,27,24
100,2,Profit Density,profit_density,685.7199999999998,0.17859198508174043,0.19,1.0,27,19
100,2,RL Agent (DQN),rl_agent,658.9399999999998,0.17161728205355253,0.18,1.0,26,18
100,3,Greedy-by-Profit,greedy_profit,330.77,0.07898136319679079,0.04,1.0,31,4
100,3,Earliest Deadline First,edf,550.5,0.13144856075168043,0.22,1.0,26,22
100,3,Shortest Job First,sjf,516.6899999999998,0.12337539846464257,0.22,1.0,31,22
100,3,Profit Density,profit_density,686.79,0.16399192922551606,0.17,1.0,31,17
100,3,RL Agent (DQN),rl_agent,653.3600000000001,0.15600950345634504,0.15,1.0,26,15
100,4,Greedy-by-Profit,greedy_profit,273.84000000000003,0.06640332307602771,0.03,1.0,25,3
100,4,Earliest Deadline First,edf,382.14000000000004,0.09266493529167848,0.2,1.0,25,20
100,4,Shortest Job First,sjf,466.04999999999995,0.11301222874518957,0.21,1.0,28,21
100,4,Profit Density,profit_density,663.2400000000001,0.16082873209518195,0.19,1.0,28,19
100,4,RL Agent (DQN),rl_agent,553.22,0.1341500379496058,0.17,1.0,24,17
100,5,Greedy-by-Profit,greedy_profit,236.89000000000001,0.062163942341756054,0.03,1.0,25,3
100,5,Earliest Deadline First,edf,443.48,0.11637665224248374,0.18,1.0,25,18
100,5,Shortest Job First,sjf,453.07000000000005,0.11889323043091483,0.21,1.0,25,21
100,5,Profit Density,profit_density,627.98,0.16479257255171584,0.18,1.0,27,18
100,5,RL Agent (DQN),rl_agent,612.28,0.1606726270294668,0.17,1.0,28,17
100,6,Greedy-by-Profit,greedy_profit,271.35,0.07132474509979157,0.03,1.0,26,3
100,6,Earliest Deadline First,edf,466.12000000000006,0.12252032498955169,0.2,1.0,25,20
100,6,Shortest Job First,sjf,447.9699999999999,0.11774957089498295,0.21,1.0,26,21
100,6,Profit Density,profit_density,654.4300000000001,0.1720178844136967,0.19,1.0,29,19
100,6,RL Agent (DQN),rl_agent,608.91,0.16005288571481144,0.16,1.0,29,16
100,7,Greedy-by-Profit,greedy_profit,343.85,0.08726049993655627,0.04,1.0,30,4
100,7,Earliest Deadline First,edf,438.2,0.11120416190838725,0.21,1.0,25,21
100,7,Shortest Job First,sjf,512.3200000000002,0.13001395761959145,0.21,1.0,26,21
100,7,Profit Density,profit_density,640.4300000000001,0.16252506027153915,0.19,1.0,26,19
100,7,RL Agent (DQN),rl_agent,565.48,0.14350463139195532,0.15,1.0,29,15
100,8,Greedy-by-Profit,greedy_profit,250.4,0.06369604977652965,0.03,1.0,30,3
100,8,Earliest Deadline First,edf,421.65000000000015,0.10725814452185997,0.18,1.0,25,18
100,8,Shortest Job First,sjf,481.51,0.12248516345006706,0.22,1.0,30,22
100,8,Profit Density,profit_density,559.24,0.14225790286352413,0.18,1.0,25,18
100,8,RL Agent (DQN),rl_agent,515.03,0.1310118870463501,0.15,1.0,25,15
100,9,Greedy-by-Profit,greedy_profit,264.21999999999997,0.06248832275779212,0.03,1.0,30,3
100,9,Earliest Deadline First,edf,559.8000000000001,0.13239332026270545,0.22,1.0,27,22
100,9,Shortest Job First,sjf,504.62999999999994,0.11934555413392112,0.2,1.0,26,20
100,9,Profit Density,profit_density,649.7600000000001,0.15366895993907737,0.17,1.0,34,17
100,9,RL Agent (DQN),rl_agent,585.1400000000001,0.13838625833962037,0.16,1.0,27,16
100,10,Greedy-by-Profit,greedy_profit,356.09,0.08915846666165902,0.04,1.0,32,4
100,10,Earliest Deadline First,edf,495.2299999999999,0.12399659480708076,0.2,1.0,25,20
100,10,Shortest Job First,sjf,568.98,0.14246225493878165,0.22,1.0,27,22
100,10,Profit Density,profit_density,614.67,0.15390220085630585,0.18,1.0,27,18
100,10,RL Agent (DQN),rl_agent,572.1099999999999,0.14324595007386262,0.15,1.0,29,15
100,11,Greedy-by-Profit,greedy_profit,374.81,0.09141573537948226,0.04,1.0,30,4
100,11,Earliest Deadline First,edf,448.71999999999997,0.1094423008443779,0.2,1.0,25,20
100,11,Shortest Job First,sjf,425.44,0.1037643351560709,0.19,1.0,25,19
100,11,Profit Density,profit_density,605.33,0.14763930283947066,0.16,1.0,27,16
100,11,RL Agent (DQN),rl_agent,573.5500000000001,0.13988819675809624,0.15,1.0,28,15
100,12,Greedy-by-Profit,greedy_profit,287.89,0.06830195304344525,0.03,1.0,25,3
100,12,Earliest Deadline First,edf,536.5999999999999,0.1273084442082487,0.22,1.0,25,22
100,12,Shortest Job First,sjf,448.04,0.1062975686602008,0.22,1.0,26,22
100,12,Profit Density,profit_density,667.11,0.1582719646212538,0.19,1.0,24,19
100,12,RL Agent (DQN),rl_agent,632.79,0.15012953859585856,0.17,1.0,25,17
100,13,Greedy-by-Profit,greedy_profit,294.15,0.07233671060397404,0.03,1.0,29,3
100,13,Earliest Deadline First,edf,440.72999999999996,0.10838333661223688,0.2,1.0,26,20
100,13,Shortest Job First,sjf,439.7599999999999,0.10814479638009049,0.2,1.0,27,20
100,13,Profit Density,profit_density,626.94,0.154175683651387,0.14,1.0,32,14
100,13,RL Agent (DQN),rl_agent,531.8199999999999,0.13078398583513673,0.11,1.0,27,11
100,14,Greedy-by-Profit,greedy_profit,384.13,0.08978167531068204,0.04,1.0,30,4
100,14,Earliest Deadline First,edf,471.60999999999996,0.11022814123674474,0.23,1.0,25,23
100,14,Shortest Job First,sjf,520.41,0.12163403443738328,0.22,1.0,31,22
100,14,Profit Density,profit_density,613.3299999999999,0.14335197698253355,0.15,1.0,29,15
100,14,RL Agent (DQN),rl_agent,524.06,0.12248713915423431,0.14,1.0,26,14
100,15,Greedy-by-Profit,greedy_profit,289.99,0.06557729228807059,0.03,1.0,25,3
100,15,Earliest Deadline First,edf,390.55,0.08831756785787775,0.19,1.0,25,19
100,15,Shortest Job First,sjf,504.56000000000006,0.11409937789878583,0.18,1.0,28,18
100,15,Profit Density,profit_density,579.88,0.13113197093695084,0.18,1.0,26,18
100,15,RL Agent (DQN),rl_agent,497.95,0.11260461634830425,0.14,1.0,28,14
100,16,Greedy-by-Profit,greedy_profit,286.21,0.0661368814615232,0.03,1.0,25,3
100,16,Earliest Deadline First,edf,517.2700000000001,0.11952980215087562,0.22,1.0,25,22
100,16,Shortest Job First,sjf,496.72,0.11478114587040218,0.21,1.0,25,21
100,16,Profit Density,profit_density,626.47,0.1447635377142673,0.18,1.0,27,18
100,16,RL Agent (DQN),rl_agent,553.5899999999999,0.1279225610855128,0.15,1.0,27,15
100,17,Greedy-by-Profit,greedy_profit,404.67,0.09545139331153853,0.05,1.0,27,5
100,17,Earliest Deadline First,edf,405.9099999999999,0.09574387787354287,0.19,1.0,26,19
100,17,Shortest Job First,sjf,399.7,0.09427909631705327,0.18,1.0,26,18
100,17,Profit Density,profit_density,540.7599999999999,0.12755157399151792,0.14,1.0,26,14
100,17,RL Agent (DQN),rl_agent,476.84999999999997,0.11247682531595408,0.1,1.0,25,10
100,18,Greedy-by-Profit,greedy_profit,269.26,0.07107692388914258,0.03,1.0,30,3
100,18,Earliest Deadline First,edf,450.1,0.11881350160626561,0.21,1.0,26,21
100,18,Shortest Job First,sjf,424.02,0.11192912897375858,0.2,1.0,25,20
100,18,Profit Density,profit_density,616.1500000000001,0.16264594315641093,0.16,1.0,26,16
100,18,RL Agent (DQN),rl_agent,591.22,0.15606513756866552,0.16,1.0,26,16
100,19,Greedy-by-Profit,greedy_profit,294.73,0.06942353941569561,0.03,1.0,25,3
100,19,Earliest Deadline First,edf,435.13999999999993,0.10249706151849415,0.21,1.0,25,21
100,19,Shortest Job First,sjf,452.33,0.1065461594812255,0.21,1.0,25,21
100,19,Profit Density,profit_density,617.7100000000002,0.14550135558806143,0.18,1.0,26,18
100,19,RL Agent (DQN),rl_agent,562.12,0.1324071522286527,0.16,1.0,25,16
100,20,Greedy-by-Profit,greedy_profit,443.52000000000004,0.09752707986085149,0.05,1.0,31,5
100,20,Earliest Deadline First,edf,527.8,0.11605968783946025,0.22,1.0,25,22
100,20,Shortest Job First,sjf,425.53999999999996,0.09357339818719952,0.2,1.0,27,20
100,20,Profit Density,profit_density,652.9399999999999,0.14357713637343156,0.18,1.0,31,18
100,20,RL Agent (DQN),rl_agent,620.8499999999999,0.13652076012718622,0.17,1.0,28,17
100,21,Greedy-by-Profit,greedy_profit,285.68,0.06987694241903174,0.03,1.0,29,3
100,21,Earliest Deadline First,edf,483.01,0.11814359408364784,0.21,1.0,29,21
100,21,Shortest Job First,sjf,503.16999999999996,0.12307470287378953,0.21,1.0,28,21
100,21,Profit Density,profit_density,598.35,0.1463556024097859,0.17,1.0,25,17
100,21,RL Agent (DQN),rl_agent,599.4799999999999,0.14663199888463013,0.16,1.0,33,16
100,22,Greedy-by-Profit,greedy_profit,283.87,0.07034058949611584,0.03,1.0,26,3
100,22,Earliest Deadline First,edf,489.1300000000001,0.12120228463816236,0.19,1.0,26,19
100,22,Shortest Job First,sjf,514.79,0.1275606160098125,0.23,1.0,25,23
100,22,Profit Density,profit_density,662.17,0.16408013578977357,0.18,1.0,25,18
100,22,RL Agent (DQN),rl_agent,662.17,0.16408013578977357,0.18,1.0,25,18
100,23,Greedy-by-Profit,greedy_profit,279.88,0.07265590725131288,0.03,1.0,27,3
100,23,Earliest Deadline First,edf,596.8500000000001,0.15494025383359333,0.22,1.0,31,22
100,23,Shortest Job First,sjf,606.5900000000001,0.15746872509494744,0.21,1.0,31,21
100,23,Profit Density,profit_density,615.4300000000001,0.15976355938143308,0.17,1.0,30,17
100,23,RL Agent (DQN),rl_agent,615.3999999999999,0.15975577148227074,0.18,1.0,31,18
100,24,Greedy-by-Profit,greedy_profit,325.61,0.08635197959015894,0.04,1.0,26,4
100,24,Earliest Deadline First,edf,494.13,0.13104359102879284,0.22,1.0,26,22
100,24,Shortest Job First,sjf,438.07000000000005,0.11617644328816967,0.22,1.0,26,22
100,24,Profit Density,profit_density,609.64,0.16167691667130768,0.17,1.0,26,17
100,24,RL Agent (DQN),rl_agent,602.26,0.15971973596624525,0.16,1.0,26,16
100,25,Greedy-by-Profit,greedy_profit,345.04,0.08418237888901903,0.04,1.0,31,4
100,25,Earliest Deadline First,edf,494.42,0.12062790334543469,0.22,1.0,25,22
100,25,Shortest Job First,sjf,503.90999999999997,0.12294326033493384,0.22,1.0,27,22
100,25,Profit Density,profit_density,557.5699999999999,0.13603515243783426,0.17,1.0,26,17
100,25,RL Agent (DQN),rl_agent,485.9799999999999,0.11856872389428895,0.14,1.0,26,14
100,26,Greedy-by-Profit,greedy_profit,350.52,0.10291280949151344,0.04,1.0,32,4
100,26,Earliest Deadline First,edf,402.22999999999996,0.11809488577476734,0.19,1.0,25,19
100,26,Shortest Job First,sjf,535.86,0.1573287061911514,0.23,1.0,25,23
100,26,Profit Density,profit_density,649.0500000000001,0.19056133458994295,0.19,1.0,27,19
100,26,RL Agent (DQN),rl_agent,616.4200000000001,0.18098115379082141,0.18,1.0,26,18
100,27,Greedy-by-Profit,greedy_profit,279.02,0.06980613299241693,0.03,1.0,27,3
100,27,Earliest Deadline First,edf,400.37,0.10016587150087439,0.2,1.0,25,20
100,27,Shortest Job First,sjf,457.87,0.1145514089070244,0.23,1.0,27,23
100,27,Profit Density,profit_density,582.7499999999999,0.1457942943205898,0.2,1.0,31,20
100,27,RL Agent (DQN),rl_agent,543.4599999999999,0.1359645940651527,0.18,1.0,31,18
100,28,Greedy-by-Profit,greedy_profit,353.18,0.08726031086393095,0.04,1.0,32,4
100,28,Earliest Deadline First,edf,510.09000000000003,0.12602812154873588,0.21,1.0,25,21
100,28,Shortest Job First,sjf,561.83,0.1388115421390858,0.22,1.0,26,22
100,28,Profit Density,profit_density,644.6499999999999,0.15927390961671972,0.19,1.0,25,19
100,28,RL Agent (DQN),rl_agent,553.02,0.1366348522395693,0.16,1.0,25,16
100,29,Greedy-by-Profit,greedy_profit,349.95000000000005,0.09176561287209718,0.04,1.0,29,4
100,29,Earliest Deadline First,edf,388.8,0.10195305124923955,0.2,1.0,26,20
100,29,Shortest Job First,sjf,482.99999999999994,0.1266546392833917,0.22,1.0,25,22
100,29,Profit Density,profit_density,610.28,0.16003062787136293,0.17,1.0,26,17
100,29,RL Agent (DQN),rl_agent,624.15,0.1636676875957121,0.18,1.0,27,18
